<?xml version="1.0" encoding="UTF-8"?>
<project-private xmlns="http://www.netbeans.org/ns/project-private/1">
    <editor-bookmarks xmlns="http://www.netbeans.org/ns/editor-bookmarks/2" lastBookmarkId="0"/>
    <open-files xmlns="http://www.netbeans.org/ns/projectui-open-files/2">
        <group>
            <file>file:/C:/Users/Arif%20Istiaq/Documents/NetBeansProjects/Tourism%20Management%20System/src/tourism/management/system/UpdateCustomer.java</file>
            <file>file:/C:/Users/Arif%20Istiaq/Documents/NetBeansProjects/Tourism%20Management%20System/src/tourism/management/system/ForgotPassword.java</file>
            <file>file:/C:/Users/Arif%20Istiaq/Documents/NetBeansProjects/Tourism%20Management%20System/src/tourism/management/system/AddCustomer.java</file>
            <file>file:/C:/Users/Arif%20Istiaq/Documents/NetBeansProjects/Tourism%20Management%20System/src/tourism/management/system/CheckPackage.java</file>
            <file>file:/C:/Users/Arif%20Istiaq/Documents/NetBeansProjects/Tourism%20Management%20System/src/tourism/management/system/About.java</file>
            <file>file:/C:/Users/Arif%20Istiaq/Documents/NetBeansProjects/Tourism%20Management%20System/src/tourism/management/system/ViewPackage.java</file>
            <file>file:/C:/Users/Arif%20Istiaq/Documents/NetBeansProjects/Tourism%20Management%20System/src/tourism/management/system/CheckHotels.java</file>
            <file>file:/C:/Users/Arif%20Istiaq/Documents/NetBeansProjects/Tourism%20Management%20System/src/tourism/management/system/bKash.java</file>
            <file>file:/C:/Users/Arif%20Istiaq/Documents/NetBeansProjects/Tourism%20Management%20System/src/tourism/management/system/BookHotel.java</file>
            <file>file:/C:/Users/Arif%20Istiaq/Documents/NetBeansProjects/Tourism%20Management%20System/src/tourism/management/system/Dashboard.java</file>
            <file>file:/C:/Users/Arif%20Istiaq/Documents/NetBeansProjects/Tourism%20Management%20System/src/tourism/management/system/Conn.java</file>
            <file>file:/C:/Users/Arif%20Istiaq/Documents/NetBeansProjects/Tourism%20Management%20System/src/tourism/management/system/Payment.java</file>
            <file>file:/C:/Users/Arif%20Istiaq/Documents/NetBeansProjects/Tourism%20Management%20System/src/tourism/management/system/Login.java</file>
            <file>file:/C:/Users/Arif%20Istiaq/Documents/NetBeansProjects/Tourism%20Management%20System/src/tourism/management/system/Splash.java</file>
            <file>file:/C:/Users/Arif%20Istiaq/Documents/NetBeansProjects/Tourism%20Management%20System/src/tourism/management/system/SignUp.java</file>
            <file>file:/C:/Users/Arif%20Istiaq/Documents/NetBeansProjects/Tourism%20Management%20System/src/tourism/management/system/ViewCustomer.java</file>
            <file>file:/C:/Users/Arif%20Istiaq/Documents/NetBeansProjects/Tourism%20Management%20System/src/tourism/management/system/Loading.java</file>
            <file>file:/C:/Users/Arif%20Istiaq/Documents/NetBeansProjects/Tourism%20Management%20System/src/tourism/management/system/ViewBookedHotel.java</file>
            <file>file:/C:/Users/Arif%20Istiaq/Documents/NetBeansProjects/Tourism%20Management%20System/src/tourism/management/system/Destination.java</file>
            <file>file:/C:/Users/Arif%20Istiaq/Documents/NetBeansProjects/Tourism%20Management%20System/src/tourism/management/system/BookPackage.java</file>
        </group>
    </open-files>
</project-private>
